{
  "config": {
    "dtes": "runs/run_20260424_202518/colored_candidates.json",
    "t_min": 100.0,
    "t_max": 160.0,
    "window": 0.08,
    "top_k": null,
    "step": 0.02,
    "dps": 60,
    "zero_value_tol": 1e-30,
    "verify_abs_zeta": 1e-08,
    "max_bisect_iter": 120,
    "merge_tol": 1e-07,
    "progress_every": 1,
    "out": "runs/run_20260424_202518/hybrid_colored"
  },
  "runtime_s": 59.70180296897888,
  "dtes_candidates_in_range": 10,
  "windows_after_merge": 10,
  "full_length": 60.0,
  "hybrid_length": 1.6000000000001933,
  "scanned_fraction": 0.026666666666669888,
  "estimated_speedup_by_length": 37.499999999995474,
  "full_points_est": 3001,
  "hybrid_points_est": 98,
  "estimated_speedup_by_points": 30.622448979591837,
  "found_zeros": 10,
  "verified_zeros": 10,
  "min_abs_zeta": 1.9604891353351778e-16,
  "max_abs_zeta": 3.101926131809299e-14
}