{
  "available": true,
  "gue_hist_l2": 1.5889036195687802,
  "spacing_mean": 1.0000000000000002,
  "spacing_std": 12.473493880731915,
  "r_stat_mean": 0.9638091103307229
}