{
  "otoc_initial": 1.7390176893995645e-30,
  "otoc_max": 0.003588452223132569,
  "otoc_final": 0.002543553446506097,
  "finite": true
}