stage,time_s
artin,0.183548
selberg,0.0917099
operator,0.317486
aco,0.270654
rl,2.29521
stability,0.546557
analysis,0.0895695
