{
  "best_loss": 44.265055820713435,
  "best_words": [
    [
      4,
      -2,
      -1,
      -1
    ]
  ],
  "best_lengths": [
    1.9248473002387554
  ],
  "wall_time_s": 4.579034667000087
}