{
  "best_loss": 88526.26236534242,
  "best_words": [
    [
      0,
      0,
      2,
      0,
      1
    ]
  ],
  "best_lengths": [
    1.9248473002387554
  ],
  "wall_time_s": 0.030891000000337954
}