iter,best_loss,mean_loss
0,88526.26236534242,88526.2631509048
1,88526.26677908245,88526.26774944756
2,88526.27263589296,88526.2732762082
3,88526.28593656451,88526.2868445665
4,88526.29283751908,88526.29409759532
