{
  "S_spec": 1.6636469522697837,
  "S_geo": -0.22619783534412619,
  "loss": 3.5715133212714636,
  "relative_error": 1.135965039743477
}