{
  "S_spec": 1.6636469522697837,
  "S_geo": -0.044032277507084876,
  "loss": 2.916168351811319,
  "relative_error": 1.0264673145839847
}