{
  "best_reward": 3.686234712600708,
  "best_word": [
    3,
    -3,
    3,
    -1,
    3
  ],
  "best_length": 10.007802519771529
}