{
  "best_reward": 5.994208335876465,
  "best_word": [
    -6,
    -1
  ],
  "best_length": 2.633915793849788
}