{
  "config": {
    "dtes": "runs/run_20260425_112046/colored_candidates.json",
    "t_min": 150.0,
    "t_max": 450.0,
    "window": 0.065,
    "top_k": null,
    "step": 0.01,
    "dps": 80,
    "zero_value_tol": 1e-30,
    "verify_abs_zeta": 1e-08,
    "max_bisect_iter": 120,
    "merge_tol": 1e-07,
    "progress_every": 1,
    "out": "runs/run_20260425_112046/hybrid_colored"
  },
  "runtime_s": 65.11360573768616,
  "dtes_candidates_in_range": 75,
  "windows_after_merge": 75,
  "full_length": 300.0,
  "hybrid_length": 9.749999999999659,
  "scanned_fraction": 0.03249999999999886,
  "estimated_speedup_by_length": 30.769230769231847,
  "full_points_est": 30001,
  "hybrid_points_est": 1050,
  "estimated_speedup_by_points": 28.572380952380954,
  "found_zeros": 75,
  "verified_zeros": 75,
  "min_abs_zeta": 5.089319456031664e-17,
  "max_abs_zeta": 2.3233320181072483e-13
}