{
  "tail_ratio": 0.5798691309754512,
  "tail_decay_slope": -0.7594623221440839,
  "near_mean_abs": 6542.622537045738,
  "tail_mean_abs": 3793.864844857114,
  "tail_grid": 200
}