window,recall,missed
0.005,0.4161849710982659,101
0.01,0.4161849710982659,101
0.02,0.4161849710982659,101
0.03,0.4161849710982659,101
0.04,0.4161849710982659,101
0.05,0.4161849710982659,101
0.06,0.4161849710982659,101
0.08,0.4161849710982659,101
0.1,0.4161849710982659,101
0.12,0.4161849710982659,101
0.15,0.4161849710982659,101
0.2,0.4161849710982659,101
