{
  "label": "Symbolic kernel candidate \u2014 not a proof of RH",
  "symbolic_quality_score": -0.633418497159972,
  "suggested_reward_bonus": -0.633418497159972,
  "selected_terms": [
    "1",
    "Delta",
    "Delta^2",
    "log(1+Delta)",
    "1/(1+Delta)",
    "exp(-Delta^2)",
    "cos(1*Delta)",
    "sin(1*Delta)",
    "cos(2*Delta)",
    "sin(2*Delta)",
    "cos(3*Delta)",
    "sin(3*Delta)",
    "cos(4*Delta)",
    "sin(4*Delta)",
    "cos(5*Delta)",
    "sin(5*Delta)",
    "cos(6*Delta)",
    "sin(6*Delta)",
    "cos(7*Delta)",
    "sin(7*Delta)",
    "1/(epsilon+Delta)",
    "1/(epsilon+Delta^2)",
    "cos(t_i*log(1+t_j))",
    "cos(t_j*log(1+t_i))",
    "sin((t_i-t_j)*log(1+Delta))"
  ],
  "coefficients": {
    "1": {
      "real": -2226.271845597779,
      "imag": 0.0
    },
    "Delta": {
      "real": -11261.90036053442,
      "imag": 0.0
    },
    "Delta^2": {
      "real": -12527.56027320404,
      "imag": 0.0
    },
    "log(1+Delta)": {
      "real": -15666.944996645414,
      "imag": 0.0
    },
    "1/(1+Delta)": {
      "real": 28335.852989826577,
      "imag": 0.0
    },
    "exp(-Delta^2)": {
      "real": -4530.350947916274,
      "imag": 0.0
    },
    "cos(1*Delta)": {
      "real": 744.1502013982724,
      "imag": 0.0
    },
    "sin(1*Delta)": {
      "real": -4021.7673220602105,
      "imag": 0.0
    },
    "cos(2*Delta)": {
      "real": -11932.683643151038,
      "imag": 0.0
    },
    "sin(2*Delta)": {
      "real": 9513.625641218297,
      "imag": 0.0
    },
    "cos(3*Delta)": {
      "real": -30082.80695694441,
      "imag": 0.0
    },
    "sin(3*Delta)": {
      "real": 6018.40097000252,
      "imag": 0.0
    },
    "cos(4*Delta)": {
      "real": 606.095222884472,
      "imag": 0.0
    },
    "sin(4*Delta)": {
      "real": 888.5543419488944,
      "imag": 0.0
    },
    "cos(5*Delta)": {
      "real": 28080.546692014672,
      "imag": 0.0
    },
    "sin(5*Delta)": {
      "real": 28367.426615480712,
      "imag": 0.0
    },
    "cos(6*Delta)": {
      "real": -7432.495575836033,
      "imag": 0.0
    },
    "sin(6*Delta)": {
      "real": -27655.58710981825,
      "imag": 0.0
    },
    "cos(7*Delta)": {
      "real": -1561.2359969503925,
      "imag": 0.0
    },
    "sin(7*Delta)": {
      "real": 6082.2230803327575,
      "imag": 0.0
    },
    "1/(epsilon+Delta)": {
      "real": 0.0006503285922294958,
      "imag": 0.0
    },
    "1/(epsilon+Delta^2)": {
      "real": -3.5861762078603416e-05,
      "imag": 0.0
    },
    "cos(t_i*log(1+t_j))": {
      "real": 0.056200298826441925,
      "imag": 0.0
    },
    "cos(t_j*log(1+t_i))": {
      "real": 0.5498450746216754,
      "imag": 0.0
    },
    "sin((t_i-t_j)*log(1+Delta))": {
      "real": -0.0035653812913924213,
      "imag": 0.0
    }
  },
  "sympy_report": {
    "mode": "safe",
    "before": {
      "ops": 66,
      "terms": 14
    },
    "after": {
      "ops": 66,
      "terms": 14
    },
    "skipped": true,
    "reason": "complexity_guard"
  },
  "metrics": {
    "kernel_relative_error": 0.21706441137593194,
    "hermitian_error": 0.0,
    "num_terms": 25,
    "regression_sample_mse": 9.76343450723139,
    "regression_score": 9.765934507231389,
    "spectral_relative_error": 0.1663540857840401,
    "first_k_spectral_error": 2.0517789548865806,
    "first_k": 50,
    "eigenvalue_range_true": [
      101.53998703336639,
      912.5855763606552
    ],
    "eigenvalue_range_fit": [
      86.83193091482178,
      659.8397468334459
    ],
    "eigenvalue_std_true": 145.4042969912269,
    "eigenvalue_std_fit": 49.318471885584955,
    "eigen_solver_true": {
      "label": "H_herm",
      "n": 1804,
      "mode": "principal_submatrix_sketch",
      "sketch_n": 1800
    },
    "eigen_solver_fit": {
      "label": "K_fit",
      "n": 1804,
      "mode": "principal_submatrix_sketch",
      "sketch_n": 1800
    },
    "zeta_zeros_csv": null,
    "zeta_diagnostics_available": false,
    "symbolic_quality_score": -0.633418497159972,
    "suggested_reward_bonus": -0.633418497159972
  },
  "config": {
    "lambda_spec": 1.0,
    "lambda_complexity": 0.01,
    "lambda_herm": 10.0
  }
}